subid,subage,task,trial,word,agent,unfamiliar,familiar,leftObject,rightObject,pick,correct,test_date,condition,target,age,status
65507,4,mutual_exclusivity,train1,train,Monkey,car,duck,duck,car,car,1,2021-03-08,NA,NA,4.7967145790554415,keep
65507,4,mutual_exclusivity,train2,train,Dog,ball,bear,ball,bear,ball,1,2021-03-08,NA,NA,4.7967145790554415,keep
65507,4,mutual_exclusivity,1,trelom,Bear,t01,hanger,t01,hanger,t01,1,2021-03-08,NA,NA,4.7967145790554415,keep
65507,4,mutual_exclusivity,2,hoefas,Bear,t02,pincer,pincer,t02,t02,1,2021-03-08,NA,NA,4.7967145790554415,keep
65507,4,mutual_exclusivity,3,tomen,Bear,t03,apple,t03,apple,t03,1,2021-03-08,NA,NA,4.7967145790554415,keep
65507,4,mutual_exclusivity,4,bokas,Bear,t04,thermo,t04,thermo,t04,1,2021-03-08,NA,NA,4.7967145790554415,keep
65507,4,mutual_exclusivity,5,pilunt,Cat,t05,sieve,sieve,t05,sieve,0,2021-03-08,NA,NA,4.7967145790554415,keep
65507,4,mutual_exclusivity,6,wondie,Cat,t06,duck,duck,t06,t06,1,2021-03-08,NA,NA,4.7967145790554415,keep
65507,4,mutual_exclusivity,7,plosse,Cat,t07,wrench,t07,wrench,t07,1,2021-03-08,NA,NA,4.7967145790554415,keep
65507,4,mutual_exclusivity,8,raschlau,Cat,t08,lock,lock,t08,t08,1,2021-03-08,NA,NA,4.7967145790554415,keep
65507,4,mutual_exclusivity,9,ukam,Frog,t09,bread,t09,bread,t09,1,2021-03-08,NA,NA,4.7967145790554415,keep
65507,4,mutual_exclusivity,10,munki,Frog,t11,tweezers,tweezers,t11,t11,1,2021-03-08,NA,NA,4.7967145790554415,keep
65507,4,mutual_exclusivity,11,kattel,Frog,t10,mic,mic,t10,t10,1,2021-03-08,NA,NA,4.7967145790554415,keep
65507,4,mutual_exclusivity,12,towak,Frog,t12,top,t12,top,t12,1,2021-03-08,NA,NA,4.7967145790554415,keep
65507,4,mutual_exclusivity,13,zubi,Sheep,t60,corkscrew,corkscrew,t60,t60,1,2021-03-08,NA,NA,4.7967145790554415,keep
65507,4,mutual_exclusivity,14,tikon,Sheep,t59,carrot,carrot,t59,t59,1,2021-03-08,NA,NA,4.7967145790554415,keep
65507,4,mutual_exclusivity,15,palvi,Sheep,t58,rasp,t58,rasp,t58,1,2021-03-08,NA,NA,4.7967145790554415,keep
65507,4,mutual_exclusivity,16,wittu,Sheep,t57,opener,t57,opener,t57,1,2021-03-08,NA,NA,4.7967145790554415,keep
65507,4,novelty,1,katoll,Cat,NA,NA,t13,t14,t14,1,2021-03-08,NA,NA,4.7967145790554415,keep
65507,4,novelty,2,kendo,Cat,NA,NA,t15,t16,t15,1,2021-03-08,NA,NA,4.7967145790554415,keep
65507,4,novelty,3,wisslo,Cat,NA,NA,t17,t18,t17,1,2021-03-08,NA,NA,4.7967145790554415,keep
65507,4,novelty,4,gepsar,Sheep,NA,NA,t19,t20,t20,1,2021-03-08,NA,NA,4.7967145790554415,keep
65507,4,novelty,5,hurtel,Sheep,NA,NA,t21,t22,t21,1,2021-03-08,NA,NA,4.7967145790554415,keep
65507,4,novelty,6,tolte,Sheep,NA,NA,t23,t24,t23,1,2021-03-08,NA,NA,4.7967145790554415,keep
65507,4,novelty,7,ennut,Frog,NA,NA,t25,t26,t26,1,2021-03-08,NA,NA,4.7967145790554415,keep
65507,4,novelty,8,oppil,Frog,NA,NA,t27,t28,t27,1,2021-03-08,NA,NA,4.7967145790554415,keep
65507,4,novelty,9,rifom,Frog,NA,NA,t29,t30,t30,1,2021-03-08,NA,NA,4.7967145790554415,keep
65507,4,novelty,10,frawoe,Bear,NA,NA,t31,t32,t32,1,2021-03-08,NA,NA,4.7967145790554415,keep
65507,4,novelty,11,metam,Bear,NA,NA,t33,t34,t33,1,2021-03-08,NA,NA,4.7967145790554415,keep
65507,4,novelty,12,pemweck,Bear,NA,NA,t35,t36,t36,1,2021-03-08,NA,NA,4.7967145790554415,keep
65507,4,combination,train1,train,Monkey,car,duck,car,duck,car,1,2021-03-09,train,NA,4.7967145790554415,keep
65507,4,combination,train2,train,Dog,ball,bear,bear,ball,ball,1,2021-03-09,train,NA,4.7967145790554415,keep
65507,4,combination,1,halke,Bear,t37,duck,t37,duck,t37,1,2021-03-09,congruent,NA,4.7967145790554415,keep
65507,4,combination,2,knaupett,Bear,t38,top,top,t38,top,0,2021-03-09,incongruent,NA,4.7967145790554415,keep
65507,4,combination,3,strillke,Bear,t39,rasp,t39,rasp,rasp,0,2021-03-09,congruent,NA,4.7967145790554415,keep
65507,4,combination,4,kotte,Bear,t40,lock,lock,t40,t40,1,2021-03-09,incongruent,NA,4.7967145790554415,keep
65507,4,combination,5,krumpatt,Cat,t41,hanger,hanger,t41,hanger,0,2021-03-09,congruent,NA,4.7967145790554415,keep
65507,4,combination,6,lentu,Cat,t42,apple,t42,apple,apple,0,2021-03-09,incongruent,NA,4.7967145790554415,keep
65507,4,combination,7,liput,Cat,t43,opener,t43,opener,t43,1,2021-03-09,incongruent,NA,4.7967145790554415,keep
65507,4,combination,8,prilin,Cat,t44,corkscrew,corkscrew,t44,t44,1,2021-03-09,congruent,NA,4.7967145790554415,keep
65507,4,combination,9,dessa,Frog,t45,thermo,thermo,t45,t45,1,2021-03-09,congruent,NA,4.7967145790554415,keep
65507,4,combination,10,nefu,Frog,t46,bread,t46,bread,t46,1,2021-03-09,incongruent,NA,4.7967145790554415,keep
65507,4,combination,11,nomrai,Frog,t47,wrench,t47,wrench,wrench,0,2021-03-09,incongruent,NA,4.7967145790554415,keep
65507,4,combination,12,pretla,Frog,t48,mic,mic,t48,mic,0,2021-03-09,congruent,NA,4.7967145790554415,keep
65507,4,combination,13,bucku,Sheep,t49,tweezers,tweezers,t49,t49,1,2021-03-09,incongruent,NA,4.7967145790554415,keep
65507,4,combination,14,miskeu,Sheep,t50,pincer,t50,pincer,pincer,0,2021-03-09,congruent,NA,4.7967145790554415,keep
65507,4,combination,15,nupfor,Sheep,t51,carrot,carrot,t51,carrot,0,2021-03-09,incongruent,NA,4.7967145790554415,keep
65507,4,combination,16,quistla,Sheep,t52,sieve,t52,sieve,t52,1,2021-03-09,congruent,NA,4.7967145790554415,keep
65507,4,comprehension,1,NA,NA,NA,NA,NA,NA,lock,1,2021-03-09,NA,lock,4.7967145790554415,keep
65507,4,comprehension,2,NA,NA,NA,NA,NA,NA,rasp,1,2021-03-09,NA,rasp,4.7967145790554415,keep
65507,4,comprehension,3,NA,NA,NA,NA,NA,NA,apple,1,2021-03-09,NA,apple,4.7967145790554415,keep
65507,4,comprehension,4,NA,NA,NA,NA,NA,NA,hanger,1,2021-03-09,NA,hanger,4.7967145790554415,keep
65507,4,comprehension,5,NA,NA,NA,NA,NA,NA,carrot,1,2021-03-09,NA,carrot,4.7967145790554415,keep
65507,4,comprehension,6,NA,NA,NA,NA,NA,NA,sieve,1,2021-03-09,NA,sieve,4.7967145790554415,keep
65507,4,comprehension,7,NA,NA,NA,NA,NA,NA,pincer,1,2021-03-09,NA,pincer,4.7967145790554415,keep
65507,4,comprehension,8,NA,NA,NA,NA,NA,NA,pincer,0,2021-03-09,NA,mic,4.7967145790554415,keep
65507,4,comprehension,9,NA,NA,NA,NA,NA,NA,top,1,2021-03-09,NA,top,4.7967145790554415,keep
65507,4,comprehension,10,NA,NA,NA,NA,NA,NA,opener,1,2021-03-09,NA,opener,4.7967145790554415,keep
65507,4,comprehension,11,NA,NA,NA,NA,NA,NA,thermo,1,2021-03-09,NA,thermo,4.7967145790554415,keep
65507,4,comprehension,12,NA,NA,NA,NA,NA,NA,bread,1,2021-03-09,NA,bread,4.7967145790554415,keep
65507,4,comprehension,13,NA,NA,NA,NA,NA,NA,microscope,0,2021-03-09,NA,wrench,4.7967145790554415,keep
65507,4,comprehension,14,NA,NA,NA,NA,NA,NA,duck,1,2021-03-09,NA,duck,4.7967145790554415,keep
65507,4,comprehension,15,NA,NA,NA,NA,NA,NA,microscope,0,2021-03-09,NA,corkscrew,4.7967145790554415,keep
65507,4,comprehension,16,NA,NA,NA,NA,NA,NA,tweezers,1,2021-03-09,NA,tweezers,4.7967145790554415,keep
21223,4,mutual_exclusivity,train1,train,Monkey,car,duck,duck,car,car,1,2021-03-10,NA,NA,4.895277207392197,keep
21223,4,mutual_exclusivity,train2,train,Dog,ball,bear,ball,bear,ball,1,2021-03-10,NA,NA,4.895277207392197,keep
21223,4,mutual_exclusivity,1,trelom,Bear,t01,hanger,t01,hanger,hanger,0,2021-03-10,NA,NA,4.895277207392197,keep
21223,4,mutual_exclusivity,2,hoefas,Bear,t02,pincer,pincer,t02,pincer,0,2021-03-10,NA,NA,4.895277207392197,keep
21223,4,mutual_exclusivity,3,tomen,Bear,t03,apple,t03,apple,t03,1,2021-03-10,NA,NA,4.895277207392197,keep
21223,4,mutual_exclusivity,4,bokas,Bear,t04,thermo,t04,thermo,thermo,0,2021-03-10,NA,NA,4.895277207392197,keep
21223,4,mutual_exclusivity,5,pilunt,Cat,t05,sieve,sieve,t05,sieve,0,2021-03-10,NA,NA,4.895277207392197,keep
21223,4,mutual_exclusivity,6,wondie,Cat,t06,duck,duck,t06,t06,1,2021-03-10,NA,NA,4.895277207392197,keep
21223,4,mutual_exclusivity,7,plosse,Cat,t07,wrench,t07,wrench,t07,1,2021-03-10,NA,NA,4.895277207392197,keep
21223,4,mutual_exclusivity,8,raschlau,Cat,t08,lock,lock,t08,lock,0,2021-03-10,NA,NA,4.895277207392197,keep
21223,4,mutual_exclusivity,9,ukam,Frog,t09,bread,t09,bread,t09,1,2021-03-10,NA,NA,4.895277207392197,keep
21223,4,mutual_exclusivity,10,munki,Frog,t11,tweezers,tweezers,t11,t11,1,2021-03-10,NA,NA,4.895277207392197,keep
21223,4,mutual_exclusivity,11,kattel,Frog,t10,mic,mic,t10,mic,0,2021-03-10,NA,NA,4.895277207392197,keep
21223,4,mutual_exclusivity,12,towak,Frog,t12,top,t12,top,t12,1,2021-03-10,NA,NA,4.895277207392197,keep
21223,4,mutual_exclusivity,13,zubi,Sheep,t60,corkscrew,corkscrew,t60,corkscrew,0,2021-03-10,NA,NA,4.895277207392197,keep
21223,4,mutual_exclusivity,14,tikon,Sheep,t59,carrot,carrot,t59,t59,1,2021-03-10,NA,NA,4.895277207392197,keep
21223,4,mutual_exclusivity,15,palvi,Sheep,t58,rasp,t58,rasp,t58,1,2021-03-10,NA,NA,4.895277207392197,keep
21223,4,mutual_exclusivity,16,wittu,Sheep,t57,opener,t57,opener,opener,0,2021-03-10,NA,NA,4.895277207392197,keep
21223,4,novelty,1,katoll,Cat,NA,NA,t13,t14,t14,1,2021-03-10,NA,NA,4.895277207392197,keep
21223,4,novelty,2,kendo,Cat,NA,NA,t15,t16,t16,0,2021-03-10,NA,NA,4.895277207392197,keep
21223,4,novelty,3,wisslo,Cat,NA,NA,t17,t18,t18,0,2021-03-10,NA,NA,4.895277207392197,keep
21223,4,novelty,4,gepsar,Sheep,NA,NA,t19,t20,t20,1,2021-03-10,NA,NA,4.895277207392197,keep
21223,4,novelty,5,hurtel,Sheep,NA,NA,t21,t22,t22,0,2021-03-10,NA,NA,4.895277207392197,keep
21223,4,novelty,6,tolte,Sheep,NA,NA,t23,t24,t24,0,2021-03-10,NA,NA,4.895277207392197,keep
21223,4,novelty,7,ennut,Frog,NA,NA,t25,t26,t26,1,2021-03-10,NA,NA,4.895277207392197,keep
21223,4,novelty,8,oppil,Frog,NA,NA,t27,t28,t28,0,2021-03-10,NA,NA,4.895277207392197,keep
21223,4,novelty,9,rifom,Frog,NA,NA,t29,t30,t29,0,2021-03-10,NA,NA,4.895277207392197,keep
21223,4,novelty,10,frawoe,Bear,NA,NA,t31,t32,t31,0,2021-03-10,NA,NA,4.895277207392197,keep
21223,4,novelty,11,metam,Bear,NA,NA,t33,t34,t34,0,2021-03-10,NA,NA,4.895277207392197,keep
21223,4,novelty,12,pemweck,Bear,NA,NA,t35,t36,t36,1,2021-03-10,NA,NA,4.895277207392197,keep
23522,4,mutual_exclusivity,train1,train,Monkey,car,duck,duck,car,car,1,2021-03-15,NA,NA,4.700889801505818,keep
23522,4,mutual_exclusivity,train2,train,Dog,ball,bear,ball,bear,ball,1,2021-03-15,NA,NA,4.700889801505818,keep
23522,4,mutual_exclusivity,1,trelom,Bear,t01,hanger,t01,hanger,t01,1,2021-03-15,NA,NA,4.700889801505818,keep
23522,4,mutual_exclusivity,2,hoefas,Bear,t02,pincer,pincer,t02,t02,1,2021-03-15,NA,NA,4.700889801505818,keep
23522,4,mutual_exclusivity,3,tomen,Bear,t03,apple,t03,apple,t03,1,2021-03-15,NA,NA,4.700889801505818,keep
23522,4,mutual_exclusivity,4,bokas,Bear,t04,thermo,t04,thermo,t04,1,2021-03-15,NA,NA,4.700889801505818,keep
23522,4,mutual_exclusivity,5,pilunt,Cat,t05,sieve,sieve,t05,t05,1,2021-03-15,NA,NA,4.700889801505818,keep
23522,4,mutual_exclusivity,6,wondie,Cat,t06,duck,duck,t06,t06,1,2021-03-15,NA,NA,4.700889801505818,keep
23522,4,mutual_exclusivity,7,plosse,Cat,t07,wrench,t07,wrench,t07,1,2021-03-15,NA,NA,4.700889801505818,keep
23522,4,mutual_exclusivity,8,raschlau,Cat,t08,lock,lock,t08,t08,1,2021-03-15,NA,NA,4.700889801505818,keep
23522,4,mutual_exclusivity,9,ukam,Frog,t09,bread,t09,bread,t09,1,2021-03-15,NA,NA,4.700889801505818,keep
23522,4,mutual_exclusivity,10,munki,Frog,t11,tweezers,tweezers,t11,t11,1,2021-03-15,NA,NA,4.700889801505818,keep
23522,4,mutual_exclusivity,11,kattel,Frog,t10,mic,mic,t10,t10,1,2021-03-15,NA,NA,4.700889801505818,keep
23522,4,mutual_exclusivity,12,towak,Frog,t12,top,t12,top,t12,1,2021-03-15,NA,NA,4.700889801505818,keep
23522,4,mutual_exclusivity,13,zubi,Sheep,t60,corkscrew,corkscrew,t60,t60,1,2021-03-15,NA,NA,4.700889801505818,keep
23522,4,mutual_exclusivity,14,tikon,Sheep,t59,carrot,carrot,t59,t59,1,2021-03-15,NA,NA,4.700889801505818,keep
23522,4,mutual_exclusivity,15,palvi,Sheep,t58,rasp,t58,rasp,t58,1,2021-03-15,NA,NA,4.700889801505818,keep
23522,4,mutual_exclusivity,16,wittu,Sheep,t57,opener,t57,opener,t57,1,2021-03-15,NA,NA,4.700889801505818,keep
23522,4,novelty,1,katoll,Cat,NA,NA,t13,t14,t14,1,2021-03-15,NA,NA,4.700889801505818,keep
23522,4,novelty,2,kendo,Cat,NA,NA,t15,t16,t15,1,2021-03-15,NA,NA,4.700889801505818,keep
23522,4,novelty,3,wisslo,Cat,NA,NA,t17,t18,t17,1,2021-03-15,NA,NA,4.700889801505818,keep
23522,4,novelty,4,gepsar,Sheep,NA,NA,t19,t20,t20,1,2021-03-15,NA,NA,4.700889801505818,keep
23522,4,novelty,5,hurtel,Sheep,NA,NA,t21,t22,t21,1,2021-03-15,NA,NA,4.700889801505818,keep
23522,4,novelty,6,tolte,Sheep,NA,NA,t23,t24,t23,1,2021-03-15,NA,NA,4.700889801505818,keep
23522,4,novelty,7,ennut,Frog,NA,NA,t25,t26,t26,1,2021-03-15,NA,NA,4.700889801505818,keep
23522,4,novelty,8,oppil,Frog,NA,NA,t27,t28,t27,1,2021-03-15,NA,NA,4.700889801505818,keep
23522,4,novelty,9,rifom,Frog,NA,NA,t29,t30,t30,1,2021-03-15,NA,NA,4.700889801505818,keep
23522,4,novelty,10,frawoe,Bear,NA,NA,t31,t32,t32,1,2021-03-15,NA,NA,4.700889801505818,keep
23522,4,novelty,11,metam,Bear,NA,NA,t33,t34,t33,1,2021-03-15,NA,NA,4.700889801505818,keep
23522,4,novelty,12,pemweck,Bear,NA,NA,t35,t36,t36,1,2021-03-15,NA,NA,4.700889801505818,keep
72867,3,mutual_exclusivity,train1,train,Monkey,car,duck,duck,car,car,1,2021-03-15,NA,NA,3.8822724161533197,keep
72867,3,mutual_exclusivity,train2,train,Dog,ball,bear,ball,bear,ball,1,2021-03-15,NA,NA,3.8822724161533197,keep
72867,3,mutual_exclusivity,1,trelom,Bear,t01,hanger,t01,hanger,t01,1,2021-03-15,NA,NA,3.8822724161533197,keep
72867,3,mutual_exclusivity,2,hoefas,Bear,t02,pincer,pincer,t02,t02,1,2021-03-15,NA,NA,3.8822724161533197,keep
72867,3,mutual_exclusivity,3,tomen,Bear,t03,apple,t03,apple,t03,1,2021-03-15,NA,NA,3.8822724161533197,keep
72867,3,mutual_exclusivity,4,bokas,Bear,t04,thermo,t04,thermo,t04,1,2021-03-15,NA,NA,3.8822724161533197,keep
72867,3,mutual_exclusivity,5,pilunt,Cat,t05,sieve,sieve,t05,t05,1,2021-03-15,NA,NA,3.8822724161533197,keep
72867,3,mutual_exclusivity,6,wondie,Cat,t06,duck,duck,t06,t06,1,2021-03-15,NA,NA,3.8822724161533197,keep
72867,3,mutual_exclusivity,7,plosse,Cat,t07,wrench,t07,wrench,t07,1,2021-03-15,NA,NA,3.8822724161533197,keep
72867,3,mutual_exclusivity,8,raschlau,Cat,t08,lock,lock,t08,lock,0,2021-03-15,NA,NA,3.8822724161533197,keep
72867,3,mutual_exclusivity,9,ukam,Frog,t09,bread,t09,bread,bread,0,2021-03-15,NA,NA,3.8822724161533197,keep
72867,3,mutual_exclusivity,10,munki,Frog,t11,tweezers,tweezers,t11,t11,1,2021-03-15,NA,NA,3.8822724161533197,keep
72867,3,mutual_exclusivity,11,kattel,Frog,t10,mic,mic,t10,mic,0,2021-03-15,NA,NA,3.8822724161533197,keep
72867,3,mutual_exclusivity,12,towak,Frog,t12,top,t12,top,top,0,2021-03-15,NA,NA,3.8822724161533197,keep
72867,3,mutual_exclusivity,13,zubi,Sheep,t60,corkscrew,corkscrew,t60,corkscrew,0,2021-03-15,NA,NA,3.8822724161533197,keep
72867,3,mutual_exclusivity,14,tikon,Sheep,t59,carrot,carrot,t59,carrot,0,2021-03-15,NA,NA,3.8822724161533197,keep
72867,3,mutual_exclusivity,15,palvi,Sheep,t58,rasp,t58,rasp,rasp,0,2021-03-15,NA,NA,3.8822724161533197,keep
72867,3,mutual_exclusivity,16,wittu,Sheep,t57,opener,t57,opener,t57,1,2021-03-15,NA,NA,3.8822724161533197,keep
72867,3,novelty,1,katoll,Cat,NA,NA,t13,t14,t14,1,2021-03-15,NA,NA,3.8822724161533197,keep
72867,3,novelty,2,kendo,Cat,NA,NA,t15,t16,t15,1,2021-03-15,NA,NA,3.8822724161533197,keep
72867,3,novelty,3,wisslo,Cat,NA,NA,t17,t18,t17,1,2021-03-15,NA,NA,3.8822724161533197,keep
72867,3,novelty,4,gepsar,Sheep,NA,NA,t19,t20,t20,1,2021-03-15,NA,NA,3.8822724161533197,keep
72867,3,novelty,5,hurtel,Sheep,NA,NA,t21,t22,t21,1,2021-03-15,NA,NA,3.8822724161533197,keep
72867,3,novelty,6,tolte,Sheep,NA,NA,t23,t24,t24,0,2021-03-15,NA,NA,3.8822724161533197,keep
72867,3,novelty,7,ennut,Frog,NA,NA,t25,t26,t26,1,2021-03-15,NA,NA,3.8822724161533197,keep
72867,3,novelty,8,oppil,Frog,NA,NA,t27,t28,t28,0,2021-03-15,NA,NA,3.8822724161533197,keep
72867,3,novelty,9,rifom,Frog,NA,NA,t29,t30,t30,1,2021-03-15,NA,NA,3.8822724161533197,keep
72867,3,novelty,10,frawoe,Bear,NA,NA,t31,t32,t32,1,2021-03-15,NA,NA,3.8822724161533197,keep
72867,3,novelty,11,metam,Bear,NA,NA,t33,t34,t33,1,2021-03-15,NA,NA,3.8822724161533197,keep
72867,3,novelty,12,pemweck,Bear,NA,NA,t35,t36,t36,1,2021-03-15,NA,NA,3.8822724161533197,keep
42727,3,mutual_exclusivity,train1,train,Monkey,car,duck,duck,car,car,1,2021-03-15,NA,NA,3.7973990417522243,keep
42727,3,mutual_exclusivity,train2,train,Dog,ball,bear,ball,bear,ball,1,2021-03-15,NA,NA,3.7973990417522243,keep
42727,3,mutual_exclusivity,1,trelom,Bear,t01,hanger,t01,hanger,t01,1,2021-03-15,NA,NA,3.7973990417522243,keep
42727,3,mutual_exclusivity,2,hoefas,Bear,t02,pincer,pincer,t02,t02,1,2021-03-15,NA,NA,3.7973990417522243,keep
42727,3,mutual_exclusivity,3,tomen,Bear,t03,apple,t03,apple,t03,1,2021-03-15,NA,NA,3.7973990417522243,keep
42727,3,mutual_exclusivity,4,bokas,Bear,t04,thermo,t04,thermo,thermo,0,2021-03-15,NA,NA,3.7973990417522243,keep
42727,3,mutual_exclusivity,5,pilunt,Cat,t05,sieve,sieve,t05,sieve,0,2021-03-15,NA,NA,3.7973990417522243,keep
42727,3,mutual_exclusivity,6,wondie,Cat,t06,duck,duck,t06,t06,1,2021-03-15,NA,NA,3.7973990417522243,keep
42727,3,mutual_exclusivity,7,plosse,Cat,t07,wrench,t07,wrench,t07,1,2021-03-15,NA,NA,3.7973990417522243,keep
42727,3,mutual_exclusivity,8,raschlau,Cat,t08,lock,lock,t08,lock,0,2021-03-15,NA,NA,3.7973990417522243,keep
42727,3,mutual_exclusivity,9,ukam,Frog,t09,bread,t09,bread,t09,1,2021-03-15,NA,NA,3.7973990417522243,keep
42727,3,mutual_exclusivity,10,munki,Frog,t11,tweezers,tweezers,t11,t11,1,2021-03-15,NA,NA,3.7973990417522243,keep
42727,3,mutual_exclusivity,11,kattel,Frog,t10,mic,mic,t10,t10,1,2021-03-15,NA,NA,3.7973990417522243,keep
42727,3,mutual_exclusivity,12,towak,Frog,t12,top,t12,top,t12,1,2021-03-15,NA,NA,3.7973990417522243,keep
42727,3,mutual_exclusivity,13,zubi,Sheep,t60,corkscrew,corkscrew,t60,t60,1,2021-03-15,NA,NA,3.7973990417522243,keep
42727,3,mutual_exclusivity,14,tikon,Sheep,t59,carrot,carrot,t59,t59,1,2021-03-15,NA,NA,3.7973990417522243,keep
42727,3,mutual_exclusivity,15,palvi,Sheep,t58,rasp,t58,rasp,t58,1,2021-03-15,NA,NA,3.7973990417522243,keep
42727,3,mutual_exclusivity,16,wittu,Sheep,t57,opener,t57,opener,opener,0,2021-03-15,NA,NA,3.7973990417522243,keep
42727,3,novelty,1,katoll,Cat,NA,NA,t13,t14,t14,1,2021-03-15,NA,NA,3.7973990417522243,keep
42727,3,novelty,2,kendo,Cat,NA,NA,t15,t16,t15,1,2021-03-15,NA,NA,3.7973990417522243,keep
42727,3,novelty,3,wisslo,Cat,NA,NA,t17,t18,t17,1,2021-03-15,NA,NA,3.7973990417522243,keep
42727,3,novelty,4,gepsar,Sheep,NA,NA,t19,t20,t20,1,2021-03-15,NA,NA,3.7973990417522243,keep
42727,3,novelty,5,hurtel,Sheep,NA,NA,t21,t22,t21,1,2021-03-15,NA,NA,3.7973990417522243,keep
42727,3,novelty,6,tolte,Sheep,NA,NA,t23,t24,t23,1,2021-03-15,NA,NA,3.7973990417522243,keep
42727,3,novelty,7,ennut,Frog,NA,NA,t25,t26,t26,1,2021-03-15,NA,NA,3.7973990417522243,keep
42727,3,novelty,8,oppil,Frog,NA,NA,t27,t28,t27,1,2021-03-15,NA,NA,3.7973990417522243,keep
42727,3,novelty,9,rifom,Frog,NA,NA,t29,t30,t30,1,2021-03-15,NA,NA,3.7973990417522243,keep
42727,3,novelty,10,frawoe,Bear,NA,NA,t31,t32,t32,1,2021-03-15,NA,NA,3.7973990417522243,keep
42727,3,novelty,11,metam,Bear,NA,NA,t33,t34,t33,1,2021-03-15,NA,NA,3.7973990417522243,keep
42727,3,novelty,12,pemweck,Bear,NA,NA,t35,t36,t36,1,2021-03-15,NA,NA,3.7973990417522243,keep
95517,4,mutual_exclusivity,train1,train,Monkey,car,duck,duck,car,car,1,2021-03-15,NA,NA,4.407939767282683,keep
95517,4,mutual_exclusivity,train2,train,Dog,ball,bear,ball,bear,ball,1,2021-03-15,NA,NA,4.407939767282683,keep
95517,4,mutual_exclusivity,1,trelom,Bear,t01,hanger,t01,hanger,hanger,0,2021-03-15,NA,NA,4.407939767282683,keep
95517,4,mutual_exclusivity,2,hoefas,Bear,t02,pincer,pincer,t02,t02,1,2021-03-15,NA,NA,4.407939767282683,keep
95517,4,mutual_exclusivity,3,tomen,Bear,t03,apple,t03,apple,t03,1,2021-03-15,NA,NA,4.407939767282683,keep
95517,4,mutual_exclusivity,4,bokas,Bear,t04,thermo,t04,thermo,t04,1,2021-03-15,NA,NA,4.407939767282683,keep
95517,4,mutual_exclusivity,5,pilunt,Cat,t05,sieve,sieve,t05,t05,1,2021-03-15,NA,NA,4.407939767282683,keep
95517,4,mutual_exclusivity,6,wondie,Cat,t06,duck,duck,t06,t06,1,2021-03-15,NA,NA,4.407939767282683,keep
95517,4,mutual_exclusivity,7,plosse,Cat,t07,wrench,t07,wrench,t07,1,2021-03-15,NA,NA,4.407939767282683,keep
95517,4,mutual_exclusivity,8,raschlau,Cat,t08,lock,lock,t08,t08,1,2021-03-15,NA,NA,4.407939767282683,keep
95517,4,mutual_exclusivity,9,ukam,Frog,t09,bread,t09,bread,t09,1,2021-03-15,NA,NA,4.407939767282683,keep
95517,4,mutual_exclusivity,10,munki,Frog,t11,tweezers,tweezers,t11,tweezers,0,2021-03-15,NA,NA,4.407939767282683,keep
95517,4,mutual_exclusivity,11,kattel,Frog,t10,mic,mic,t10,t10,1,2021-03-15,NA,NA,4.407939767282683,keep
95517,4,mutual_exclusivity,12,towak,Frog,t12,top,t12,top,t12,1,2021-03-15,NA,NA,4.407939767282683,keep
95517,4,mutual_exclusivity,13,zubi,Sheep,t60,corkscrew,corkscrew,t60,t60,1,2021-03-15,NA,NA,4.407939767282683,keep
95517,4,mutual_exclusivity,14,tikon,Sheep,t59,carrot,carrot,t59,t59,1,2021-03-15,NA,NA,4.407939767282683,keep
95517,4,mutual_exclusivity,15,palvi,Sheep,t58,rasp,t58,rasp,t58,1,2021-03-15,NA,NA,4.407939767282683,keep
95517,4,mutual_exclusivity,16,wittu,Sheep,t57,opener,t57,opener,t57,1,2021-03-15,NA,NA,4.407939767282683,keep
95517,4,novelty,1,katoll,Cat,NA,NA,t13,t14,t14,1,2021-03-15,NA,NA,4.407939767282683,keep
95517,4,novelty,2,kendo,Cat,NA,NA,t15,t16,t15,1,2021-03-15,NA,NA,4.407939767282683,keep
95517,4,novelty,3,wisslo,Cat,NA,NA,t17,t18,t17,1,2021-03-15,NA,NA,4.407939767282683,keep
95517,4,novelty,4,gepsar,Sheep,NA,NA,t19,t20,t20,1,2021-03-15,NA,NA,4.407939767282683,keep
95517,4,novelty,5,hurtel,Sheep,NA,NA,t21,t22,t21,1,2021-03-15,NA,NA,4.407939767282683,keep
95517,4,novelty,6,tolte,Sheep,NA,NA,t23,t24,t23,1,2021-03-15,NA,NA,4.407939767282683,keep
95517,4,novelty,7,ennut,Frog,NA,NA,t25,t26,t26,1,2021-03-15,NA,NA,4.407939767282683,keep
95517,4,novelty,8,oppil,Frog,NA,NA,t27,t28,t27,1,2021-03-15,NA,NA,4.407939767282683,keep
95517,4,novelty,9,rifom,Frog,NA,NA,t29,t30,t30,1,2021-03-15,NA,NA,4.407939767282683,keep
95517,4,novelty,10,frawoe,Bear,NA,NA,t31,t32,t32,1,2021-03-15,NA,NA,4.407939767282683,keep
95517,4,novelty,11,metam,Bear,NA,NA,t33,t34,t33,1,2021-03-15,NA,NA,4.407939767282683,keep
95517,4,novelty,12,pemweck,Bear,NA,NA,t35,t36,t36,1,2021-03-15,NA,NA,4.407939767282683,keep
21223,4,combination,train1,train,Monkey,car,duck,car,duck,car,1,2021-03-16,train,NA,4.895277207392197,keep
21223,4,combination,train2,train,Dog,ball,bear,bear,ball,ball,1,2021-03-16,train,NA,4.895277207392197,keep
21223,4,combination,1,halke,Bear,t37,duck,t37,duck,t37,1,2021-03-16,congruent,NA,4.895277207392197,keep
21223,4,combination,2,knaupett,Bear,t38,top,top,t38,t38,1,2021-03-16,incongruent,NA,4.895277207392197,keep
21223,4,combination,3,strillke,Bear,t39,rasp,t39,rasp,rasp,0,2021-03-16,congruent,NA,4.895277207392197,keep
21223,4,combination,4,kotte,Bear,t40,lock,lock,t40,t40,1,2021-03-16,incongruent,NA,4.895277207392197,keep
21223,4,combination,5,krumpatt,Cat,t41,hanger,hanger,t41,t41,1,2021-03-16,congruent,NA,4.895277207392197,keep
21223,4,combination,6,lentu,Cat,t42,apple,t42,apple,t42,1,2021-03-16,incongruent,NA,4.895277207392197,keep
21223,4,combination,7,liput,Cat,t43,opener,t43,opener,t43,1,2021-03-16,incongruent,NA,4.895277207392197,keep
21223,4,combination,8,prilin,Cat,t44,corkscrew,corkscrew,t44,t44,1,2021-03-16,congruent,NA,4.895277207392197,keep
21223,4,combination,9,dessa,Frog,t45,thermo,thermo,t45,t45,1,2021-03-16,congruent,NA,4.895277207392197,keep
21223,4,combination,10,nefu,Frog,t46,bread,t46,bread,t46,1,2021-03-16,incongruent,NA,4.895277207392197,keep
21223,4,combination,11,nomrai,Frog,t47,wrench,t47,wrench,wrench,0,2021-03-16,incongruent,NA,4.895277207392197,keep
21223,4,combination,12,pretla,Frog,t48,mic,mic,t48,t48,1,2021-03-16,congruent,NA,4.895277207392197,keep
21223,4,combination,13,bucku,Sheep,t49,tweezers,tweezers,t49,t49,1,2021-03-16,incongruent,NA,4.895277207392197,keep
21223,4,combination,14,miskeu,Sheep,t50,pincer,t50,pincer,t50,1,2021-03-16,congruent,NA,4.895277207392197,keep
21223,4,combination,15,nupfor,Sheep,t51,carrot,carrot,t51,t51,1,2021-03-16,incongruent,NA,4.895277207392197,keep
21223,4,combination,16,quistla,Sheep,t52,sieve,t52,sieve,t52,1,2021-03-16,congruent,NA,4.895277207392197,keep
21223,4,comprehension,1,NA,NA,NA,NA,NA,NA,hydrant,0,2021-03-16,NA,lock,4.895277207392197,keep
21223,4,comprehension,2,NA,NA,NA,NA,NA,NA,rasp,1,2021-03-16,NA,rasp,4.895277207392197,keep
21223,4,comprehension,3,NA,NA,NA,NA,NA,NA,apple,1,2021-03-16,NA,apple,4.895277207392197,keep
21223,4,comprehension,4,NA,NA,NA,NA,NA,NA,dogtoy,0,2021-03-16,NA,hanger,4.895277207392197,keep
21223,4,comprehension,5,NA,NA,NA,NA,NA,NA,carrot,1,2021-03-16,NA,carrot,4.895277207392197,keep
21223,4,comprehension,6,NA,NA,NA,NA,NA,NA,pushpin,0,2021-03-16,NA,sieve,4.895277207392197,keep
21223,4,comprehension,7,NA,NA,NA,NA,NA,NA,pincer,1,2021-03-16,NA,pincer,4.895277207392197,keep
21223,4,comprehension,8,NA,NA,NA,NA,NA,NA,mic,1,2021-03-16,NA,mic,4.895277207392197,keep
21223,4,comprehension,9,NA,NA,NA,NA,NA,NA,top,1,2021-03-16,NA,top,4.895277207392197,keep
21223,4,comprehension,10,NA,NA,NA,NA,NA,NA,funnel,0,2021-03-16,NA,opener,4.895277207392197,keep
21223,4,comprehension,11,NA,NA,NA,NA,NA,NA,opener,0,2021-03-16,NA,thermo,4.895277207392197,keep
21223,4,comprehension,12,NA,NA,NA,NA,NA,NA,bread,1,2021-03-16,NA,bread,4.895277207392197,keep
21223,4,comprehension,13,NA,NA,NA,NA,NA,NA,wrench,1,2021-03-16,NA,wrench,4.895277207392197,keep
21223,4,comprehension,14,NA,NA,NA,NA,NA,NA,duck,1,2021-03-16,NA,duck,4.895277207392197,keep
21223,4,comprehension,15,NA,NA,NA,NA,NA,NA,yardstick,0,2021-03-16,NA,corkscrew,4.895277207392197,keep
21223,4,comprehension,16,NA,NA,NA,NA,NA,NA,tweezers,1,2021-03-16,NA,tweezers,4.895277207392197,keep
72867,3,combination,train1,train,Monkey,car,duck,car,duck,car,1,2021-03-18,train,NA,3.8822724161533197,keep
72867,3,combination,train2,train,Dog,ball,bear,bear,ball,ball,1,2021-03-18,train,NA,3.8822724161533197,keep
72867,3,combination,1,halke,Bear,t37,duck,t37,duck,t37,1,2021-03-18,congruent,NA,3.8822724161533197,keep
72867,3,combination,2,knaupett,Bear,t38,top,top,t38,t38,1,2021-03-18,incongruent,NA,3.8822724161533197,keep
72867,3,combination,3,strillke,Bear,t39,rasp,t39,rasp,rasp,0,2021-03-18,congruent,NA,3.8822724161533197,keep
72867,3,combination,4,kotte,Bear,t40,lock,lock,t40,lock,0,2021-03-18,incongruent,NA,3.8822724161533197,keep
72867,3,combination,5,krumpatt,Cat,t41,hanger,hanger,t41,hanger,0,2021-03-18,congruent,NA,3.8822724161533197,keep
72867,3,combination,6,lentu,Cat,t42,apple,t42,apple,apple,0,2021-03-18,incongruent,NA,3.8822724161533197,keep
72867,3,combination,7,liput,Cat,t43,opener,t43,opener,opener,0,2021-03-18,incongruent,NA,3.8822724161533197,keep
72867,3,combination,8,prilin,Cat,t44,corkscrew,corkscrew,t44,corkscrew,0,2021-03-18,congruent,NA,3.8822724161533197,keep
72867,3,combination,9,dessa,Frog,t45,thermo,thermo,t45,thermo,0,2021-03-18,congruent,NA,3.8822724161533197,keep
72867,3,combination,10,nefu,Frog,t46,bread,t46,bread,bread,0,2021-03-18,incongruent,NA,3.8822724161533197,keep
72867,3,combination,11,nomrai,Frog,t47,wrench,t47,wrench,wrench,0,2021-03-18,incongruent,NA,3.8822724161533197,keep
72867,3,combination,12,pretla,Frog,t48,mic,mic,t48,mic,0,2021-03-18,congruent,NA,3.8822724161533197,keep
72867,3,combination,13,bucku,Sheep,t49,tweezers,tweezers,t49,t49,1,2021-03-18,incongruent,NA,3.8822724161533197,keep
72867,3,combination,14,miskeu,Sheep,t50,pincer,t50,pincer,pincer,0,2021-03-18,congruent,NA,3.8822724161533197,keep
72867,3,combination,15,nupfor,Sheep,t51,carrot,carrot,t51,carrot,0,2021-03-18,incongruent,NA,3.8822724161533197,keep
72867,3,combination,16,quistla,Sheep,t52,sieve,t52,sieve,t52,1,2021-03-18,congruent,NA,3.8822724161533197,keep
72867,3,comprehension,1,NA,NA,NA,NA,NA,NA,lock,1,2021-03-18,NA,lock,3.8822724161533197,keep
72867,3,comprehension,2,NA,NA,NA,NA,NA,NA,rasp,1,2021-03-18,NA,rasp,3.8822724161533197,keep
72867,3,comprehension,3,NA,NA,NA,NA,NA,NA,apple,1,2021-03-18,NA,apple,3.8822724161533197,keep
72867,3,comprehension,4,NA,NA,NA,NA,NA,NA,hanger,1,2021-03-18,NA,hanger,3.8822724161533197,keep
72867,3,comprehension,5,NA,NA,NA,NA,NA,NA,carrot,1,2021-03-18,NA,carrot,3.8822724161533197,keep
72867,3,comprehension,6,NA,NA,NA,NA,NA,NA,sieve,1,2021-03-18,NA,sieve,3.8822724161533197,keep
72867,3,comprehension,7,NA,NA,NA,NA,NA,NA,pincer,1,2021-03-18,NA,pincer,3.8822724161533197,keep
72867,3,comprehension,8,NA,NA,NA,NA,NA,NA,pushpin,0,2021-03-18,NA,mic,3.8822724161533197,keep
72867,3,comprehension,9,NA,NA,NA,NA,NA,NA,top,1,2021-03-18,NA,top,3.8822724161533197,keep
72867,3,comprehension,10,NA,NA,NA,NA,NA,NA,opener,1,2021-03-18,NA,opener,3.8822724161533197,keep
72867,3,comprehension,11,NA,NA,NA,NA,NA,NA,thermo,1,2021-03-18,NA,thermo,3.8822724161533197,keep
72867,3,comprehension,12,NA,NA,NA,NA,NA,NA,bread,1,2021-03-18,NA,bread,3.8822724161533197,keep
72867,3,comprehension,13,NA,NA,NA,NA,NA,NA,wrench,1,2021-03-18,NA,wrench,3.8822724161533197,keep
72867,3,comprehension,14,NA,NA,NA,NA,NA,NA,duck,1,2021-03-18,NA,duck,3.8822724161533197,keep
72867,3,comprehension,15,NA,NA,NA,NA,NA,NA,microscope,0,2021-03-18,NA,corkscrew,3.8822724161533197,keep
72867,3,comprehension,16,NA,NA,NA,NA,NA,NA,tweezers,1,2021-03-18,NA,tweezers,3.8822724161533197,keep
42727,3,combination,train1,train,Monkey,car,duck,car,duck,car,1,2021-03-18,train,NA,3.7973990417522243,keep
42727,3,combination,train2,train,Dog,ball,bear,bear,ball,ball,1,2021-03-18,train,NA,3.7973990417522243,keep
42727,3,combination,1,halke,Bear,t37,duck,t37,duck,t37,1,2021-03-18,congruent,NA,3.7973990417522243,keep
42727,3,combination,2,knaupett,Bear,t38,top,top,t38,top,0,2021-03-18,incongruent,NA,3.7973990417522243,keep
42727,3,combination,3,strillke,Bear,t39,rasp,t39,rasp,rasp,0,2021-03-18,congruent,NA,3.7973990417522243,keep
42727,3,combination,4,kotte,Bear,t40,lock,lock,t40,t40,1,2021-03-18,incongruent,NA,3.7973990417522243,keep
42727,3,combination,5,krumpatt,Cat,t41,hanger,hanger,t41,hanger,0,2021-03-18,congruent,NA,3.7973990417522243,keep
42727,3,combination,6,lentu,Cat,t42,apple,t42,apple,t42,1,2021-03-18,incongruent,NA,3.7973990417522243,keep
42727,3,combination,7,liput,Cat,t43,opener,t43,opener,opener,0,2021-03-18,incongruent,NA,3.7973990417522243,keep
42727,3,combination,8,prilin,Cat,t44,corkscrew,corkscrew,t44,t44,1,2021-03-18,congruent,NA,3.7973990417522243,keep
42727,3,combination,9,dessa,Frog,t45,thermo,thermo,t45,t45,1,2021-03-18,congruent,NA,3.7973990417522243,keep
42727,3,combination,10,nefu,Frog,t46,bread,t46,bread,t46,1,2021-03-18,incongruent,NA,3.7973990417522243,keep
42727,3,combination,11,nomrai,Frog,t47,wrench,t47,wrench,wrench,0,2021-03-18,incongruent,NA,3.7973990417522243,keep
42727,3,combination,12,pretla,Frog,t48,mic,mic,t48,mic,0,2021-03-18,congruent,NA,3.7973990417522243,keep
42727,3,combination,13,bucku,Sheep,t49,tweezers,tweezers,t49,t49,1,2021-03-18,incongruent,NA,3.7973990417522243,keep
42727,3,combination,14,miskeu,Sheep,t50,pincer,t50,pincer,pincer,0,2021-03-18,congruent,NA,3.7973990417522243,keep
42727,3,combination,15,nupfor,Sheep,t51,carrot,carrot,t51,carrot,0,2021-03-18,incongruent,NA,3.7973990417522243,keep
42727,3,combination,16,quistla,Sheep,t52,sieve,t52,sieve,t52,1,2021-03-18,congruent,NA,3.7973990417522243,keep
42727,3,comprehension,1,NA,NA,NA,NA,NA,NA,hydrant,0,2021-03-18,NA,lock,3.7973990417522243,keep
42727,3,comprehension,2,NA,NA,NA,NA,NA,NA,rasp,1,2021-03-18,NA,rasp,3.7973990417522243,keep
42727,3,comprehension,3,NA,NA,NA,NA,NA,NA,apple,1,2021-03-18,NA,apple,3.7973990417522243,keep
42727,3,comprehension,4,NA,NA,NA,NA,NA,NA,hanger,1,2021-03-18,NA,hanger,3.7973990417522243,keep
42727,3,comprehension,5,NA,NA,NA,NA,NA,NA,carrot,1,2021-03-18,NA,carrot,3.7973990417522243,keep
42727,3,comprehension,6,NA,NA,NA,NA,NA,NA,sieve,1,2021-03-18,NA,sieve,3.7973990417522243,keep
42727,3,comprehension,7,NA,NA,NA,NA,NA,NA,pincer,1,2021-03-18,NA,pincer,3.7973990417522243,keep
42727,3,comprehension,8,NA,NA,NA,NA,NA,NA,mic,1,2021-03-18,NA,mic,3.7973990417522243,keep
42727,3,comprehension,9,NA,NA,NA,NA,NA,NA,top,1,2021-03-18,NA,top,3.7973990417522243,keep
42727,3,comprehension,10,NA,NA,NA,NA,NA,NA,funnel,0,2021-03-18,NA,opener,3.7973990417522243,keep
42727,3,comprehension,11,NA,NA,NA,NA,NA,NA,thermo,1,2021-03-18,NA,thermo,3.7973990417522243,keep
42727,3,comprehension,12,NA,NA,NA,NA,NA,NA,bread,1,2021-03-18,NA,bread,3.7973990417522243,keep
42727,3,comprehension,13,NA,NA,NA,NA,NA,NA,wrench,1,2021-03-18,NA,wrench,3.7973990417522243,keep
42727,3,comprehension,14,NA,NA,NA,NA,NA,NA,duck,1,2021-03-18,NA,duck,3.7973990417522243,keep
42727,3,comprehension,15,NA,NA,NA,NA,NA,NA,microscope,0,2021-03-18,NA,corkscrew,3.7973990417522243,keep
42727,3,comprehension,16,NA,NA,NA,NA,NA,NA,corkscrew,0,2021-03-18,NA,tweezers,3.7973990417522243,keep
23522,4,combination,train1,train,Monkey,car,duck,car,duck,car,1,2021-03-18,train,NA,4.700889801505818,keep
23522,4,combination,train2,train,Dog,ball,bear,bear,ball,ball,1,2021-03-18,train,NA,4.700889801505818,keep
23522,4,combination,1,halke,Bear,t37,duck,t37,duck,t37,1,2021-03-18,congruent,NA,4.700889801505818,keep
23522,4,combination,2,knaupett,Bear,t38,top,top,t38,top,0,2021-03-18,incongruent,NA,4.700889801505818,keep
23522,4,combination,3,strillke,Bear,t39,rasp,t39,rasp,rasp,0,2021-03-18,congruent,NA,4.700889801505818,keep
23522,4,combination,4,kotte,Bear,t40,lock,lock,t40,t40,1,2021-03-18,incongruent,NA,4.700889801505818,keep
23522,4,combination,5,krumpatt,Cat,t41,hanger,hanger,t41,hanger,0,2021-03-18,congruent,NA,4.700889801505818,keep
23522,4,combination,6,lentu,Cat,t42,apple,t42,apple,apple,0,2021-03-18,incongruent,NA,4.700889801505818,keep
23522,4,combination,7,liput,Cat,t43,opener,t43,opener,t43,1,2021-03-18,incongruent,NA,4.700889801505818,keep
23522,4,combination,8,prilin,Cat,t44,corkscrew,corkscrew,t44,t44,1,2021-03-18,congruent,NA,4.700889801505818,keep
23522,4,combination,9,dessa,Frog,t45,thermo,thermo,t45,t45,1,2021-03-18,congruent,NA,4.700889801505818,keep
23522,4,combination,10,nefu,Frog,t46,bread,t46,bread,bread,0,2021-03-18,incongruent,NA,4.700889801505818,keep
23522,4,combination,11,nomrai,Frog,t47,wrench,t47,wrench,wrench,0,2021-03-18,incongruent,NA,4.700889801505818,keep
23522,4,combination,12,pretla,Frog,t48,mic,mic,t48,t48,1,2021-03-18,congruent,NA,4.700889801505818,keep
23522,4,combination,13,bucku,Sheep,t49,tweezers,tweezers,t49,t49,1,2021-03-18,incongruent,NA,4.700889801505818,keep
23522,4,combination,14,miskeu,Sheep,t50,pincer,t50,pincer,pincer,0,2021-03-18,congruent,NA,4.700889801505818,keep
23522,4,combination,15,nupfor,Sheep,t51,carrot,carrot,t51,carrot,0,2021-03-18,incongruent,NA,4.700889801505818,keep
23522,4,combination,16,quistla,Sheep,t52,sieve,t52,sieve,t52,1,2021-03-18,congruent,NA,4.700889801505818,keep
23522,4,comprehension,1,NA,NA,NA,NA,NA,NA,lock,1,2021-03-18,NA,lock,4.700889801505818,keep
23522,4,comprehension,2,NA,NA,NA,NA,NA,NA,rasp,1,2021-03-18,NA,rasp,4.700889801505818,keep
23522,4,comprehension,3,NA,NA,NA,NA,NA,NA,apple,1,2021-03-18,NA,apple,4.700889801505818,keep
23522,4,comprehension,4,NA,NA,NA,NA,NA,NA,hanger,1,2021-03-18,NA,hanger,4.700889801505818,keep
23522,4,comprehension,5,NA,NA,NA,NA,NA,NA,carrot,1,2021-03-18,NA,carrot,4.700889801505818,keep
23522,4,comprehension,6,NA,NA,NA,NA,NA,NA,sieve,1,2021-03-18,NA,sieve,4.700889801505818,keep
23522,4,comprehension,7,NA,NA,NA,NA,NA,NA,pincer,1,2021-03-18,NA,pincer,4.700889801505818,keep
23522,4,comprehension,8,NA,NA,NA,NA,NA,NA,mic,1,2021-03-18,NA,mic,4.700889801505818,keep
23522,4,comprehension,9,NA,NA,NA,NA,NA,NA,top,1,2021-03-18,NA,top,4.700889801505818,keep
23522,4,comprehension,10,NA,NA,NA,NA,NA,NA,funnel,0,2021-03-18,NA,opener,4.700889801505818,keep
23522,4,comprehension,11,NA,NA,NA,NA,NA,NA,thermo,1,2021-03-18,NA,thermo,4.700889801505818,keep
23522,4,comprehension,12,NA,NA,NA,NA,NA,NA,bread,1,2021-03-18,NA,bread,4.700889801505818,keep
23522,4,comprehension,13,NA,NA,NA,NA,NA,NA,wrench,1,2021-03-18,NA,wrench,4.700889801505818,keep
23522,4,comprehension,14,NA,NA,NA,NA,NA,NA,duck,1,2021-03-18,NA,duck,4.700889801505818,keep
23522,4,comprehension,15,NA,NA,NA,NA,NA,NA,corkscrew,1,2021-03-18,NA,corkscrew,4.700889801505818,keep
23522,4,comprehension,16,NA,NA,NA,NA,NA,NA,tweezers,1,2021-03-18,NA,tweezers,4.700889801505818,keep
95517,4,combination,train1,train,Monkey,car,duck,car,duck,car,1,2021-03-19,train,NA,4.407939767282683,keep
95517,4,combination,train2,train,Dog,ball,bear,bear,ball,ball,1,2021-03-19,train,NA,4.407939767282683,keep
95517,4,combination,1,halke,Bear,t37,duck,t37,duck,t37,1,2021-03-19,congruent,NA,4.407939767282683,keep
95517,4,combination,2,knaupett,Bear,t38,top,top,t38,top,0,2021-03-19,incongruent,NA,4.407939767282683,keep
95517,4,combination,3,strillke,Bear,t39,rasp,t39,rasp,rasp,0,2021-03-19,congruent,NA,4.407939767282683,keep
95517,4,combination,4,kotte,Bear,t40,lock,lock,t40,t40,1,2021-03-19,incongruent,NA,4.407939767282683,keep
95517,4,combination,5,krumpatt,Cat,t41,hanger,hanger,t41,hanger,0,2021-03-19,congruent,NA,4.407939767282683,keep
95517,4,combination,6,lentu,Cat,t42,apple,t42,apple,apple,0,2021-03-19,incongruent,NA,4.407939767282683,keep
95517,4,combination,7,liput,Cat,t43,opener,t43,opener,opener,0,2021-03-19,incongruent,NA,4.407939767282683,keep
95517,4,combination,8,prilin,Cat,t44,corkscrew,corkscrew,t44,t44,1,2021-03-19,congruent,NA,4.407939767282683,keep
95517,4,combination,9,dessa,Frog,t45,thermo,thermo,t45,t45,1,2021-03-19,congruent,NA,4.407939767282683,keep
95517,4,combination,10,nefu,Frog,t46,bread,t46,bread,bread,0,2021-03-19,incongruent,NA,4.407939767282683,keep
95517,4,combination,11,nomrai,Frog,t47,wrench,t47,wrench,t47,1,2021-03-19,incongruent,NA,4.407939767282683,keep
95517,4,combination,12,pretla,Frog,t48,mic,mic,t48,t48,1,2021-03-19,congruent,NA,4.407939767282683,keep
95517,4,combination,13,bucku,Sheep,t49,tweezers,tweezers,t49,tweezers,0,2021-03-19,incongruent,NA,4.407939767282683,keep
95517,4,combination,14,miskeu,Sheep,t50,pincer,t50,pincer,t50,1,2021-03-19,congruent,NA,4.407939767282683,keep
95517,4,combination,15,nupfor,Sheep,t51,carrot,carrot,t51,t51,1,2021-03-19,incongruent,NA,4.407939767282683,keep
95517,4,combination,16,quistla,Sheep,t52,sieve,t52,sieve,sieve,0,2021-03-19,congruent,NA,4.407939767282683,keep
95517,4,comprehension,1,NA,NA,NA,NA,NA,NA,lock,1,2021-03-19,NA,lock,4.407939767282683,keep
95517,4,comprehension,2,NA,NA,NA,NA,NA,NA,rasp,1,2021-03-19,NA,rasp,4.407939767282683,keep
95517,4,comprehension,3,NA,NA,NA,NA,NA,NA,apple,1,2021-03-19,NA,apple,4.407939767282683,keep
95517,4,comprehension,4,NA,NA,NA,NA,NA,NA,hanger,1,2021-03-19,NA,hanger,4.407939767282683,keep
95517,4,comprehension,5,NA,NA,NA,NA,NA,NA,pushpin,0,2021-03-19,NA,carrot,4.407939767282683,keep
95517,4,comprehension,6,NA,NA,NA,NA,NA,NA,sieve,1,2021-03-19,NA,sieve,4.407939767282683,keep
95517,4,comprehension,7,NA,NA,NA,NA,NA,NA,pincer,1,2021-03-19,NA,pincer,4.407939767282683,keep
95517,4,comprehension,8,NA,NA,NA,NA,NA,NA,globe,0,2021-03-19,NA,mic,4.407939767282683,keep
95517,4,comprehension,9,NA,NA,NA,NA,NA,NA,funnel,0,2021-03-19,NA,top,4.407939767282683,keep
95517,4,comprehension,10,NA,NA,NA,NA,NA,NA,opener,1,2021-03-19,NA,opener,4.407939767282683,keep
95517,4,comprehension,11,NA,NA,NA,NA,NA,NA,thermo,1,2021-03-19,NA,thermo,4.407939767282683,keep
95517,4,comprehension,12,NA,NA,NA,NA,NA,NA,bread,1,2021-03-19,NA,bread,4.407939767282683,keep
95517,4,comprehension,13,NA,NA,NA,NA,NA,NA,corkscrew,0,2021-03-19,NA,wrench,4.407939767282683,keep
95517,4,comprehension,14,NA,NA,NA,NA,NA,NA,duck,1,2021-03-19,NA,duck,4.407939767282683,keep
95517,4,comprehension,15,NA,NA,NA,NA,NA,NA,tweezers,0,2021-03-19,NA,corkscrew,4.407939767282683,keep
95517,4,comprehension,16,NA,NA,NA,NA,NA,NA,tweezers,1,2021-03-19,NA,tweezers,4.407939767282683,keep
65507,4,production,NA,NA,NA,NA,NA,NA,NA,NA,0,NA,NA,lock,4.7967145790554415,keep
65507,4,production,NA,NA,NA,NA,NA,NA,NA,NA,1,NA,NA,file,4.7967145790554415,keep
65507,4,production,NA,NA,NA,NA,NA,NA,NA,NA,0,NA,NA,apple,4.7967145790554415,keep
65507,4,production,NA,NA,NA,NA,NA,NA,NA,NA,1,NA,NA,hanger,4.7967145790554415,keep
65507,4,production,NA,NA,NA,NA,NA,NA,NA,NA,1,NA,NA,carrot,4.7967145790554415,keep
65507,4,production,NA,NA,NA,NA,NA,NA,NA,NA,0,NA,NA,sieve,4.7967145790554415,keep
65507,4,production,NA,NA,NA,NA,NA,NA,NA,NA,1,NA,NA,pincers,4.7967145790554415,keep
65507,4,production,NA,NA,NA,NA,NA,NA,NA,NA,1,NA,NA,mic,4.7967145790554415,keep
65507,4,production,NA,NA,NA,NA,NA,NA,NA,NA,1,NA,NA,top,4.7967145790554415,keep
65507,4,production,NA,NA,NA,NA,NA,NA,NA,NA,0,NA,NA,opener,4.7967145790554415,keep
65507,4,production,NA,NA,NA,NA,NA,NA,NA,NA,1,NA,NA,thermo,4.7967145790554415,keep
65507,4,production,NA,NA,NA,NA,NA,NA,NA,NA,1,NA,NA,bread,4.7967145790554415,keep
65507,4,production,NA,NA,NA,NA,NA,NA,NA,NA,0,NA,NA,wrench,4.7967145790554415,keep
65507,4,production,NA,NA,NA,NA,NA,NA,NA,NA,1,NA,NA,duck,4.7967145790554415,keep
65507,4,production,NA,NA,NA,NA,NA,NA,NA,NA,0,NA,NA,corkscrew,4.7967145790554415,keep
65507,4,production,NA,NA,NA,NA,NA,NA,NA,NA,0,NA,NA,tweezers,4.7967145790554415,keep
21223,4,production,NA,NA,NA,NA,NA,NA,NA,NA,0,NA,NA,lock,4.895277207392197,keep
21223,4,production,NA,NA,NA,NA,NA,NA,NA,NA,0,NA,NA,file,4.895277207392197,keep
21223,4,production,NA,NA,NA,NA,NA,NA,NA,NA,1,NA,NA,apple,4.895277207392197,keep
21223,4,production,NA,NA,NA,NA,NA,NA,NA,NA,0,NA,NA,hanger,4.895277207392197,keep
21223,4,production,NA,NA,NA,NA,NA,NA,NA,NA,1,NA,NA,carrot,4.895277207392197,keep
21223,4,production,NA,NA,NA,NA,NA,NA,NA,NA,0,NA,NA,sieve,4.895277207392197,keep
21223,4,production,NA,NA,NA,NA,NA,NA,NA,NA,0,NA,NA,pincers,4.895277207392197,keep
21223,4,production,NA,NA,NA,NA,NA,NA,NA,NA,0,NA,NA,mic,4.895277207392197,keep
21223,4,production,NA,NA,NA,NA,NA,NA,NA,NA,0,NA,NA,top,4.895277207392197,keep
21223,4,production,NA,NA,NA,NA,NA,NA,NA,NA,0,NA,NA,opener,4.895277207392197,keep
21223,4,production,NA,NA,NA,NA,NA,NA,NA,NA,0,NA,NA,thermo,4.895277207392197,keep
21223,4,production,NA,NA,NA,NA,NA,NA,NA,NA,0,NA,NA,bread,4.895277207392197,keep
21223,4,production,NA,NA,NA,NA,NA,NA,NA,NA,0,NA,NA,wrench,4.895277207392197,keep
21223,4,production,NA,NA,NA,NA,NA,NA,NA,NA,1,NA,NA,duck,4.895277207392197,keep
21223,4,production,NA,NA,NA,NA,NA,NA,NA,NA,0,NA,NA,corkscrew,4.895277207392197,keep
21223,4,production,NA,NA,NA,NA,NA,NA,NA,NA,0,NA,NA,tweezers,4.895277207392197,keep
72867,3,production,NA,NA,NA,NA,NA,NA,NA,NA,1,NA,NA,lock,3.8822724161533197,keep
72867,3,production,NA,NA,NA,NA,NA,NA,NA,NA,0,NA,NA,file,3.8822724161533197,keep
72867,3,production,NA,NA,NA,NA,NA,NA,NA,NA,1,NA,NA,apple,3.8822724161533197,keep
72867,3,production,NA,NA,NA,NA,NA,NA,NA,NA,1,NA,NA,hanger,3.8822724161533197,keep
72867,3,production,NA,NA,NA,NA,NA,NA,NA,NA,1,NA,NA,carrot,3.8822724161533197,keep
72867,3,production,NA,NA,NA,NA,NA,NA,NA,NA,0,NA,NA,sieve,3.8822724161533197,keep
72867,3,production,NA,NA,NA,NA,NA,NA,NA,NA,1,NA,NA,pincers,3.8822724161533197,keep
72867,3,production,NA,NA,NA,NA,NA,NA,NA,NA,1,NA,NA,mic,3.8822724161533197,keep
72867,3,production,NA,NA,NA,NA,NA,NA,NA,NA,0,NA,NA,top,3.8822724161533197,keep
72867,3,production,NA,NA,NA,NA,NA,NA,NA,NA,1,NA,NA,opener,3.8822724161533197,keep
72867,3,production,NA,NA,NA,NA,NA,NA,NA,NA,1,NA,NA,thermo,3.8822724161533197,keep
72867,3,production,NA,NA,NA,NA,NA,NA,NA,NA,1,NA,NA,bread,3.8822724161533197,keep
72867,3,production,NA,NA,NA,NA,NA,NA,NA,NA,1,NA,NA,wrench,3.8822724161533197,keep
72867,3,production,NA,NA,NA,NA,NA,NA,NA,NA,1,NA,NA,duck,3.8822724161533197,keep
72867,3,production,NA,NA,NA,NA,NA,NA,NA,NA,0,NA,NA,corkscrew,3.8822724161533197,keep
72867,3,production,NA,NA,NA,NA,NA,NA,NA,NA,0,NA,NA,tweezers,3.8822724161533197,keep
42727,3,production,NA,NA,NA,NA,NA,NA,NA,NA,0,NA,NA,lock,3.7973990417522243,keep
42727,3,production,NA,NA,NA,NA,NA,NA,NA,NA,0,NA,NA,file,3.7973990417522243,keep
42727,3,production,NA,NA,NA,NA,NA,NA,NA,NA,1,NA,NA,apple,3.7973990417522243,keep
42727,3,production,NA,NA,NA,NA,NA,NA,NA,NA,0,NA,NA,hanger,3.7973990417522243,keep
42727,3,production,NA,NA,NA,NA,NA,NA,NA,NA,1,NA,NA,carrot,3.7973990417522243,keep
42727,3,production,NA,NA,NA,NA,NA,NA,NA,NA,0,NA,NA,sieve,3.7973990417522243,keep
42727,3,production,NA,NA,NA,NA,NA,NA,NA,NA,0,NA,NA,pincers,3.7973990417522243,keep
42727,3,production,NA,NA,NA,NA,NA,NA,NA,NA,0,NA,NA,mic,3.7973990417522243,keep
42727,3,production,NA,NA,NA,NA,NA,NA,NA,NA,0,NA,NA,top,3.7973990417522243,keep
42727,3,production,NA,NA,NA,NA,NA,NA,NA,NA,0,NA,NA,opener,3.7973990417522243,keep
42727,3,production,NA,NA,NA,NA,NA,NA,NA,NA,0,NA,NA,thermo,3.7973990417522243,keep
42727,3,production,NA,NA,NA,NA,NA,NA,NA,NA,1,NA,NA,bread,3.7973990417522243,keep
42727,3,production,NA,NA,NA,NA,NA,NA,NA,NA,0,NA,NA,wrench,3.7973990417522243,keep
42727,3,production,NA,NA,NA,NA,NA,NA,NA,NA,1,NA,NA,duck,3.7973990417522243,keep
42727,3,production,NA,NA,NA,NA,NA,NA,NA,NA,0,NA,NA,corkscrew,3.7973990417522243,keep
42727,3,production,NA,NA,NA,NA,NA,NA,NA,NA,0,NA,NA,tweezers,3.7973990417522243,keep
95517,4,production,NA,NA,NA,NA,NA,NA,NA,NA,1,NA,NA,lock,4.407939767282683,keep
95517,4,production,NA,NA,NA,NA,NA,NA,NA,NA,0,NA,NA,file,4.407939767282683,keep
95517,4,production,NA,NA,NA,NA,NA,NA,NA,NA,1,NA,NA,apple,4.407939767282683,keep
95517,4,production,NA,NA,NA,NA,NA,NA,NA,NA,0,NA,NA,hanger,4.407939767282683,keep
95517,4,production,NA,NA,NA,NA,NA,NA,NA,NA,1,NA,NA,carrot,4.407939767282683,keep
95517,4,production,NA,NA,NA,NA,NA,NA,NA,NA,1,NA,NA,sieve,4.407939767282683,keep
95517,4,production,NA,NA,NA,NA,NA,NA,NA,NA,1,NA,NA,pincers,4.407939767282683,keep
95517,4,production,NA,NA,NA,NA,NA,NA,NA,NA,0,NA,NA,mic,4.407939767282683,keep
95517,4,production,NA,NA,NA,NA,NA,NA,NA,NA,1,NA,NA,top,4.407939767282683,keep
95517,4,production,NA,NA,NA,NA,NA,NA,NA,NA,0,NA,NA,opener,4.407939767282683,keep
95517,4,production,NA,NA,NA,NA,NA,NA,NA,NA,0,NA,NA,thermo,4.407939767282683,keep
95517,4,production,NA,NA,NA,NA,NA,NA,NA,NA,0,NA,NA,bread,4.407939767282683,keep
95517,4,production,NA,NA,NA,NA,NA,NA,NA,NA,1,NA,NA,wrench,4.407939767282683,keep
95517,4,production,NA,NA,NA,NA,NA,NA,NA,NA,1,NA,NA,duck,4.407939767282683,keep
95517,4,production,NA,NA,NA,NA,NA,NA,NA,NA,0,NA,NA,corkscrew,4.407939767282683,keep
95517,4,production,NA,NA,NA,NA,NA,NA,NA,NA,1,NA,NA,tweezers,4.407939767282683,keep
23522,4,production,NA,NA,NA,NA,NA,NA,NA,NA,0,NA,NA,lock,4.700889801505818,keep
23522,4,production,NA,NA,NA,NA,NA,NA,NA,NA,0,NA,NA,file,4.700889801505818,keep
23522,4,production,NA,NA,NA,NA,NA,NA,NA,NA,1,NA,NA,apple,4.700889801505818,keep
23522,4,production,NA,NA,NA,NA,NA,NA,NA,NA,1,NA,NA,hanger,4.700889801505818,keep
23522,4,production,NA,NA,NA,NA,NA,NA,NA,NA,1,NA,NA,carrot,4.700889801505818,keep
23522,4,production,NA,NA,NA,NA,NA,NA,NA,NA,0,NA,NA,sieve,4.700889801505818,keep
23522,4,production,NA,NA,NA,NA,NA,NA,NA,NA,1,NA,NA,pincers,4.700889801505818,keep
23522,4,production,NA,NA,NA,NA,NA,NA,NA,NA,1,NA,NA,mic,4.700889801505818,keep
23522,4,production,NA,NA,NA,NA,NA,NA,NA,NA,1,NA,NA,top,4.700889801505818,keep
23522,4,production,NA,NA,NA,NA,NA,NA,NA,NA,0,NA,NA,opener,4.700889801505818,keep
23522,4,production,NA,NA,NA,NA,NA,NA,NA,NA,1,NA,NA,thermo,4.700889801505818,keep
23522,4,production,NA,NA,NA,NA,NA,NA,NA,NA,1,NA,NA,bread,4.700889801505818,keep
23522,4,production,NA,NA,NA,NA,NA,NA,NA,NA,0,NA,NA,wrench,4.700889801505818,keep
23522,4,production,NA,NA,NA,NA,NA,NA,NA,NA,1,NA,NA,duck,4.700889801505818,keep
23522,4,production,NA,NA,NA,NA,NA,NA,NA,NA,0,NA,NA,corkscrew,4.700889801505818,keep
23522,4,production,NA,NA,NA,NA,NA,NA,NA,NA,1,NA,NA,tweezers,4.700889801505818,keep
